[{
    "TrainerName" : "Narender",
    "CourseName" : "Java",
    "TimeDuration" : "10days",
    "Rating" : "4",
    "TrainingCompleted" : "12"
},
{
    "TrainerName" : "Sethu",
    "CourseName" : "Node JS",
    "TimeDuration" : "8days",
    "Rating" : "4",
    "TrainingCompleted" : "8"
},
{
    "TrainerName" : "Santhosh",
    "CourseName" : "Angular",
    "TimeDuration" : "12days",
    "Rating" : "4",
    "TrainingCompleted" : "9"
},
{
    "TrainerName" : "Jijin",
    "CourseName" : "AWS",
    "TimeDuration" : "15days",
    "Rating" : "4",
    "TrainingCompleted" : "10"
},
{
    "TrainerName" : "Rahul",
    "CourseName" : "Kotlin",
    "TimeDuration" : "12days",
    "Rating" : "4",
    "TrainingCompleted" : "7"
}

]


