[{
    
    "CourseName" : "Fundamentals",
    "TimeDuration" : "10days",
    "Rating" : "4",
    "TrainingCompleted" : "12"
},
{
    
    "CourseName" : "Spring",
    "TimeDuration" : "8days",
    "Rating" : "4",
    "TrainingCompleted" : "8"
},
{
    
    "CourseName" : "Mongo DB",
    "TimeDuration" : "12days",
    "Rating" : "4",
    "TrainingCompleted" : "9"
},
{
    "CourseName" : "AWS",
    "TimeDuration" : "15days",
    "Rating" : "4",
    "TrainingCompleted" : "10"
}

]


